a01	a12	syl
u	b	true
ț	a	true
s	â	true
n	u	true
u	b	false
n	u	false
h	i	true
d	a	true
j	m	false
f	e	true
f	e	false
h	i	false
d	a	false
i	ș	true
u	c	true
u	c	false
i	ș	false
j	n	true
h	î	true
l	r	true
b	â	true
l	r	false
ș	â	true
n	v	false
î	r	true
j	n	false
d	b	false
b	â	false
f	f	false
r	ă	true
y	l	false
u	d	true
u	d	false
ț	c	false
r	ă	false
j	o	true
l	s	false
j	-	false
﻿	a	true
d	c	false
f	g	false
u	e	true
i	ț	true
w	i	true
i	ț	false
w	i	false
s	a	true
s	a	false
l	t	true
u	e	false
n	x	false
h	l	true
l	t	false
f	h	true
f	h	false
d	d	false
u	f	true
s	b	true
y	n	false
l	u	true
s	b	false
ș	a	false
u	f	false
n	y	true
h	m	true
d	e	true
ț	e	true
f	i	true
l	u	false
ș	a	true
f	i	false
b	a	true
h	m	false
d	e	false
b	a	false
y	o	true
s	c	true
u	g	true
u	g	false
y	-	false
ș	b	false
s	c	false
l	v	false
n	z	false
h	n	true
h	n	false
b	b	false
y	p	true
u	h	true
p	ă	true
u	h	false
p	ă	false
ș	c	false
s	d	false
h	o	true
h	o	false
ș	c	true
d	g	true
d	g	false
h	-	false
b	c	false
u	i	true
s	e	true
s	e	false
ș	d	false
u	i	false
f	l	true
f	l	false
b	d	false
d	h	false
u	j	true
w	n	false
s	f	true
y	r	false
s	f	false
l	y	true
ș	e	false
u	j	false
j	u	true
d	i	true
ț	i	true
ș	e	true
b	e	true
ț	i	false
d	i	false
b	e	false
w	o	true
e	ș	true
s	g	true
u	k	false
w	-	false
ș	f	false
e	ș	false
s	g	false
l	z	false
h	r	true
d	î	true
v	ț	true
h	r	false
ș	f	true
d	j	true
d	j	false
f	n	false
b	f	false
y	t	true
â	b	false
n	ă	true
y	t	false
s	h	true
u	l	true
u	l	false
s	h	false
n	ă	false
f	o	true
h	s	true
h	s	false
f	-	true
b	g	true
f	-	false
f	o	false
ș	g	false
y	u	true
b	g	false
u	m	true
ț	l	true
â	c	false
s	i	true
e	ț	true
y	u	false
e	ț	false
s	i	false
o	a	true
u	m	false
o	a	false
h	t	true
d	l	true
h	t	false
ț	l	false
b	h	false
â	d	false
t	ș	false
u	n	true
ț	m	true
w	r	true
s	î	true
ș	i	true
m	â	true
s	î	false
s	j	false
u	n	false
o	b	true
o	b	false
h	u	true
m	â	false
d	m	true
b	i	true
h	u	false
ț	m	false
ș	i	false
d	m	false
b	i	false
â	e	false
u	-	true
s	k	true
u	o	true
o	c	true
u	o	false
c	ș	true
c	ș	false
u	-	false
s	k	false
f	r	true
b	î	true
o	c	false
d	n	true
ș	î	false
d	n	false
t	ț	true
f	r	false
b	î	false
t	ț	false
b	j	false
â	f	false
ț	o	true
s	l	true
y	x	false
ț	-	true
u	p	true
u	p	false
o	d	true
l	ă	true
w	t	false
l	ă	false
s	l	false
o	d	false
d	o	true
d	-	true
d	o	false
ț	o	false
f	s	false
ț	-	false
ș	k	false
d	-	false
â	g	false
w	u	true
ș	l	true
c	ț	true
s	m	true
m	a	true
s	m	false
o	e	true
u	q	false
o	e	false
c	ț	false
d	p	true
m	a	false
f	t	true
b	l	true
f	t	false
ț	p	false
ș	l	false
b	l	false
d	p	false
r	ș	false
â	h	false
u	r	true
ș	m	true
s	n	true
s	n	false
u	r	false
o	f	true
k	â	true
o	f	false
m	b	false
f	u	true
f	u	false
b	m	true
h	y	false
ș	m	false
b	m	false
â	i	false
s	o	true
ș	n	true
u	s	true
u	s	false
a	ș	true
o	g	true
s	-	true
s	-	false
s	o	false
m	c	false
o	g	false
a	ș	false
h	z	false
d	r	true
d	r	false
ș	n	false
b	n	false
r	ț	false
â	j	false
s	p	true
ș	o	true
u	t	true
ș	-	true
u	t	false
j	ă	true
o	h	true
ș	o	false
s	p	false
ă	ș	false
m	d	false
ă	ș	true
o	h	false
ț	s	true
b	o	true
d	s	false
z	â	true
b	-	true
ș	-	false
b	o	false
b	-	false
u	u	true
ș	p	true
w	y	false
ț	t	false
m	e	true
ș	p	false
a	ț	true
u	u	false
o	i	true
o	i	false
a	ț	false
k	a	true
k	a	false
m	e	false
p	ș	true
b	p	false
d	t	false
â	l	false
u	v	true
p	ș	false
s	r	false
m	f	true
o	î	false
u	v	false
o	j	true
o	j	false
ă	ț	false
d	u	true
ț	u	true
m	f	false
i	â	false
d	u	false
â	m	false
s	s	true
o	k	true
u	w	false
ș	r	false
s	s	false
m	g	false
o	k	false
b	r	true
ș	r	true
d	v	true
â	n	true
d	v	false
b	r	false
p	ț	false
z	a	true
â	n	false
s	t	true
z	a	false
u	x	true
o	l	true
u	x	false
s	t	false
h	ă	true
h	ă	false
m	h	false
o	l	false
b	s	true
d	w	false
b	s	false
z	b	true
x	â	true
s	u	true
z	b	false
m	i	true
s	u	false
ș	t	false
o	m	true
o	m	false
i	a	true
k	e	true
k	e	false
m	i	false
ș	t	true
b	t	true
i	a	false
b	t	false
â	p	false
n	ș	false
u	z	true
z	c	false
s	v	true
s	v	false
ș	u	false
u	z	false
o	n	true
o	n	false
i	b	true
g	â	true
g	â	false
ș	u	true
b	u	true
i	b	false
b	u	false
z	d	true
z	d	false
s	w	true
o	o	true
ș	v	false
o	-	true
o	-	false
i	c	true
o	o	false
i	c	false
ș	v	true
d	z	true
d	z	false
b	v	false
n	ț	true
x	a	true
z	e	true
â	r	false
z	e	false
n	ț	false
o	p	true
x	a	false
f	ă	true
k	h	true
m	l	true
m	l	false
i	d	true
o	p	false
i	d	false
f	ă	false
v	â	true
â	s	false
q	u	true
v	â	false
m	m	true
o	q	true
i	e	true
o	q	false
k	i	true
k	i	false
g	a	true
m	m	false
g	a	false
i	e	false
â	t	false
z	g	true
î	ș	true
x	c	false
l	ș	false
z	g	false
m	n	true
s	z	false
o	r	true
o	r	false
i	f	true
m	n	false
g	b	false
b	y	true
i	f	false
e	â	false
b	y	false
â	u	false
u	ă	true
u	ă	false
o	s	true
m	-	true
m	o	true
m	o	false
o	s	false
i	g	true
i	g	false
m	-	false
k	k	false
b	z	false
x	e	true
z	i	true
â	v	false
z	i	false
l	ț	false
ț	ă	false
v	a	true
î	ț	true
o	t	true
v	a	false
x	e	false
k	l	true
m	p	true
ț	ă	true
m	p	false
o	t	false
d	ă	true
i	h	true
i	h	false
d	ă	false
k	l	false
g	d	false
t	â	true
t	â	false
x	f	false
z	j	false
o	u	true
i	i	true
o	u	false
k	m	true
e	a	true
g	e	true
g	e	false
i	i	false
e	a	false
v	c	true
m	r	true
v	c	false
o	v	true
o	v	false
i	j	true
e	b	true
c	â	true
i	î	false
m	r	false
c	â	false
g	f	false
i	j	false
e	b	false
s	ă	true
z	l	true
z	l	false
x	h	false
k	o	true
m	s	false
o	w	false
i	k	true
i	k	false
k	-	false
e	c	true
e	c	false
g	g	false
x	i	true
â	z	false
z	m	true
t	a	true
z	m	false
v	e	true
o	x	true
v	e	false
t	a	false
g	h	true
b	ă	true
m	t	false
ș	ă	true
i	l	true
o	x	false
i	l	false
e	d	true
e	d	false
g	h	false
b	ă	false
z	n	true
x	î	true
r	â	true
x	î	false
t	b	true
z	n	false
m	u	true
t	b	false
r	â	false
i	m	true
o	y	false
e	e	true
g	i	true
m	u	false
c	a	true
g	i	false
i	m	false
c	a	false
e	e	false
z	o	true
v	g	true
z	-	true
z	-	false
t	c	true
z	o	false
t	c	false
o	z	true
v	g	false
i	n	true
o	z	false
k	r	true
e	f	true
m	v	false
y	ț	true
i	n	false
e	f	false
c	b	false
z	p	false
v	h	false
k	s	true
t	d	false
i	-	true
i	o	true
i	o	false
c	c	true
e	g	true
e	g	false
i	-	false
c	c	false
t	e	true
v	i	true
v	i	false
h	ț	false
r	a	true
x	m	false
r	a	false
t	e	false
g	l	true
i	p	true
i	p	false
e	h	true
e	h	false
g	l	false
c	d	false
r	b	true
p	â	true
z	r	false
t	f	false
p	â	false
r	b	false
k	u	true
e	i	true
k	u	false
g	m	true
c	e	true
g	m	false
a	a	true
c	e	false
e	i	false
a	a	false
x	o	true
r	c	true
x	o	false
t	g	true
t	g	false
f	ș	false
x	-	false
i	r	true
r	c	false
e	j	true
g	n	true
m	z	false
g	n	false
i	r	false
e	î	false
a	b	true
e	j	false
ă	a	false
c	f	false
a	b	false
x	p	true
t	h	true
z	t	false
v	l	true
x	p	false
r	d	false
t	h	false
g	o	true
i	s	true
i	s	false
c	g	true
g	-	true
a	c	true
g	-	false
e	k	false
g	o	false
c	g	false
a	c	false
ă	b	false
z	u	true
t	i	true
z	u	false
p	a	true
v	m	false
r	e	true
r	e	false
t	i	false
f	ț	false
i	t	true
p	a	false
i	t	false
u	ș	true
e	l	true
c	h	true
ă	c	true
e	l	false
a	d	true
g	p	false
c	h	false
ă	c	false
z	v	true
a	d	false
u	ș	false
n	â	true
z	v	false
t	j	false
v	n	false
i	u	true
r	f	false
n	â	false
e	m	true
k	y	false
c	i	true
a	e	true
i	u	false
c	i	false
e	m	false
a	e	false
ă	d	false
v	o	true
x	s	false
d	ș	true
v	-	false
v	o	false
p	c	false
i	v	true
r	g	false
d	ș	false
e	n	true
g	r	true
g	r	false
c	î	false
i	v	false
u	ț	true
a	f	true
u	ț	false
e	n	false
a	f	false
t	l	true
v	p	false
m	ă	true
x	t	false
r	h	true
r	h	false
m	ă	false
t	l	false
g	s	true
p	d	false
i	w	false
e	-	true
c	k	true
e	o	true
a	g	true
e	o	false
g	s	false
e	-	false
c	k	false
a	g	false
x	u	true
t	m	true
ă	f	false
p	e	true
r	i	true
x	u	false
r	i	false
n	a	true
t	m	false
n	a	false
p	e	false
i	x	false
e	p	true
c	l	true
e	p	false
a	h	true
c	l	false
s	ș	false
a	h	false
v	r	true
r	î	true
ă	g	false
z	z	false
t	n	true
t	n	false
n	b	true
l	â	true
p	f	true
v	r	false
l	â	false
p	f	false
r	j	false
g	u	true
n	b	false
c	m	true
g	u	false
a	i	true
ș	ș	true
c	m	false
e	q	false
a	i	false
t	-	true
ă	h	false
t	o	true
t	o	false
n	c	true
i	z	true
b	ș	false
p	g	false
ș	ș	false
t	-	false
r	k	false
e	r	true
n	c	false
g	v	true
g	v	false
c	n	true
i	z	false
a	j	true
e	r	false
a	î	false
c	n	false
ă	i	false
a	j	false
s	ț	false
v	t	true
p	h	true
r	l	false
t	p	false
n	d	true
n	d	false
p	h	false
c	o	true
e	s	true
c	-	true
a	k	true
e	s	false
c	o	false
c	-	false
ă	j	false
a	k	false
v	u	true
p	i	true
r	m	true
l	a	true
r	m	false
n	e	true
n	e	false
p	i	false
b	ț	false
l	a	false
e	t	true
e	t	false
a	l	true
ă	k	false
c	p	false
a	l	false
r	n	true
t	r	true
p	î	true
t	r	false
j	â	true
n	f	true
r	n	false
e	u	true
l	b	false
n	f	false
a	m	true
ă	l	true
z	ă	true
c	q	false
e	u	false
a	m	false
ă	l	false
r	o	true
t	s	true
t	s	false
n	g	true
r	-	true
r	-	false
r	o	false
â	ș	false
l	c	false
e	v	true
n	g	false
g	z	false
c	r	true
ă	m	true
a	n	true
e	v	false
c	r	false
a	n	false
t	t	true
ă	m	false
p	l	true
r	p	false
t	t	false
n	h	false
i	ă	false
p	l	false
c	s	true
l	d	false
a	o	true
e	w	false
a	-	true
c	s	false
a	o	false
a	-	false
t	u	true
ă	n	false
l	e	true
n	i	true
t	u	false
n	i	false
â	ț	false
j	a	true
p	m	false
j	a	false
l	e	false
e	x	true
c	t	true
e	x	false
ă	-	true
a	p	true
c	t	false
a	p	false
o	ș	true
o	ș	false
ă	o	false
ă	-	false
t	v	false
p	n	true
v	z	false
p	n	false
r	r	false
h	â	true
l	f	false
n	j	false
c	u	true
j	b	false
c	u	false
e	y	false
a	q	false
x	ă	true
ă	p	false
r	s	true
p	-	true
p	o	true
p	o	false
r	s	false
e	z	true
l	g	false
p	-	false
n	k	false
c	v	true
a	r	true
o	ț	true
e	z	false
c	v	false
a	r	false
y	a	true
o	ț	false
r	t	true
y	a	false
g	ă	true
r	t	false
î	h	true
n	l	true
n	l	false
p	p	false
j	d	true
j	d	false
l	h	false
g	ă	false
a	s	true
ă	r	false
a	s	false
ă	r	true
r	u	true
l	i	true
r	u	false
î	i	true
h	a	true
n	m	false
j	e	true
j	e	false
l	i	false
ă	s	true
a	t	true
h	a	false
ă	s	false
a	t	false
t	z	true
m	ș	false
t	z	false
p	r	true
f	â	true
p	r	false
r	v	false
l	j	false
n	n	false
h	b	false
a	u	true
f	â	false
a	u	false
v	ă	true
ă	t	false
v	ă	false
n	o	true
p	s	true
p	s	false
j	g	true
n	-	true
r	w	false
n	-	false
l	k	false
n	o	false
j	g	false
a	v	true
c	z	false
a	v	false
y	e	true
m	ț	false
ă	u	false
w	a	true
p	t	true
y	e	false
r	x	false
n	p	false
p	t	false
e	ă	false
l	l	false
h	d	false
a	w	false
u	â	true
ă	v	false
p	u	true
u	â	false
r	y	true
r	y	false
h	e	true
n	q	false
j	i	true
p	u	false
î	m	false
j	i	false
î	m	true
l	m	false
f	a	true
f	a	false
a	x	true
h	e	false
a	x	false
ț	â	true
î	n	true
r	z	false
l	n	false
î	n	false
d	â	true
n	r	false
h	f	false
a	y	true
a	y	false
t	ă	true
t	ă	false
ă	x	false
n	s	true
l	-	true
l	o	true
l	o	false
n	s	false
î	-	false
l	-	false
a	z	true
f	c	false
a	z	false
u	a	true
w	e	true
y	i	false
u	a	false
c	ă	true
n	t	false
j	l	false
l	p	false
f	d	false
c	ă	false
ă	z	false
ă	z	true
