b10	a01	syl
u	b	true
s	â	false
ț	a	false
n	u	true
u	b	false
n	u	false
j	m	true
d	a	true
f	e	true
f	e	false
h	i	false
d	a	false
i	ș	true
u	c	true
ș	â	false
n	v	true
u	c	false
i	ș	false
j	n	true
l	r	true
h	î	false
f	f	true
l	r	false
î	r	true
d	b	true
j	n	false
b	â	false
r	ă	true
y	l	true
u	d	true
u	d	false
r	ă	false
l	s	true
f	g	true
l	s	false
﻿	a	false
ț	c	true
j	o	false
d	c	true
u	e	true
i	ț	true
i	ț	false
w	i	false
s	a	true
l	t	true
s	a	false
u	e	false
n	x	true
n	x	false
d	d	true
l	t	false
f	h	true
f	h	false
h	l	false
y	n	true
u	f	true
s	b	true
ț	e	false
l	u	true
s	b	false
ș	a	false
u	f	false
h	m	true
n	y	false
d	e	true
l	u	false
f	i	true
ș	a	true
f	i	false
b	a	true
h	m	false
d	e	false
b	a	false
s	c	true
y	o	false
u	g	true
n	z	true
u	g	false
l	v	true
s	c	false
l	v	false
h	n	true
n	z	false
h	n	false
ș	b	true
b	b	true
y	p	true
s	d	true
u	h	true
p	ă	false
u	h	false
ș	c	false
h	o	false
ș	c	true
d	g	true
b	c	true
d	g	false
u	i	true
s	e	true
s	e	false
u	i	false
d	h	true
b	d	true
ș	d	true
f	l	false
b	d	false
u	j	true
w	n	true
s	f	true
y	r	false
s	f	false
ș	e	false
u	j	false
j	u	false
d	i	true
ț	i	true
l	y	false
ș	e	true
b	e	true
ț	i	false
d	i	false
b	e	false
e	ș	true
s	g	true
u	k	true
u	k	false
w	o	false
ș	f	false
e	ș	false
l	z	true
s	g	false
f	n	true
l	z	false
h	r	false
d	î	false
b	f	true
ș	f	true
d	j	true
â	b	true
d	j	false
v	ț	false
y	t	true
â	b	false
s	h	true
y	t	false
n	ă	true
u	l	true
u	l	false
n	ă	false
s	h	false
h	s	true
h	s	false
ș	g	true
b	g	true
â	c	true
f	o	false
y	u	true
b	g	false
u	m	true
â	c	false
e	ț	true
y	u	false
s	i	false
e	ț	false
u	m	false
o	a	true
o	a	false
h	t	true
t	ș	true
b	h	true
h	t	false
ț	l	false
â	d	true
d	l	false
â	d	false
u	n	true
ț	m	true
s	î	true
ș	i	true
w	r	false
s	î	false
s	j	true
o	b	true
u	n	false
o	b	false
m	â	false
d	m	true
b	i	true
h	u	false
ț	m	false
ș	i	false
d	m	false
b	i	false
â	e	true
ș	î	true
s	k	true
u	o	true
o	c	true
u	o	false
-	a	true
c	ș	true
c	ș	false
s	k	false
b	î	true
o	c	false
b	j	true
d	n	true
â	f	true
d	n	false
t	ț	true
f	r	false
b	î	false
t	ț	false
w	t	true
â	f	false
y	x	true
ț	o	true
s	l	true
y	x	false
ș	k	true
u	p	true
o	d	true
u	p	false
-	b	true
l	ă	false
s	l	false
f	s	true
o	d	false
d	o	true
d	o	false
ț	o	false
â	g	true
u	q	true
ț	p	true
ș	l	true
c	ț	true
w	u	false
s	m	true
-	c	true
s	m	false
m	a	true
o	e	true
c	ț	false
d	p	true
m	a	false
f	t	true
b	l	true
f	t	false
r	ș	true
b	l	false
ș	l	false
â	h	true
d	p	false
r	ș	false
â	h	false
u	r	true
ș	m	true
s	n	true
m	b	true
s	n	false
-	d	true
o	f	true
u	r	false
o	f	false
k	â	false
m	b	false
f	u	true
f	u	false
b	m	true
h	y	false
ș	m	false
â	i	true
b	m	false
â	i	false
s	o	true
ș	n	true
u	s	true
o	g	true
a	ș	true
u	s	false
-	e	true
s	o	false
m	c	true
m	c	false
a	ș	false
o	g	false
h	z	true
b	n	true
d	r	true
r	ț	true
â	j	true
d	r	false
ș	n	false
r	ț	false
â	j	false
s	p	true
ș	o	true
u	t	true
u	t	false
o	h	true
ț	s	false
ș	o	false
-	f	true
s	p	false
m	d	true
ă	ș	false
ă	ș	true
j	ă	false
o	h	false
d	s	true
b	o	true
b	o	false
u	u	true
z	â	false
w	y	true
ș	p	true
-	g	true
m	e	true
ș	p	false
o	i	true
a	ț	true
a	ț	false
o	i	false
k	a	false
d	t	true
ț	t	true
m	e	false
b	p	true
p	ș	true
â	l	true
d	t	false
â	l	false
u	v	true
p	ș	false
s	r	true
o	î	true
ă	ț	true
ț	u	false
m	f	true
i	â	true
s	r	false
-	h	true
o	j	true
o	j	false
ă	ț	false
d	u	true
m	f	false
d	u	false
â	m	true
â	m	false
s	s	true
u	w	true
o	k	true
-	i	true
ș	r	false
s	s	false
m	g	true
ș	r	true
b	r	true
d	v	true
â	n	true
d	v	false
b	r	false
p	ț	true
p	ț	false
â	n	false
z	a	true
z	a	false
s	t	true
u	x	true
-	î	true
o	l	true
u	x	false
-	j	true
s	t	false
m	h	true
h	ă	false
o	l	false
d	w	true
b	s	true
z	b	true
b	s	false
x	â	false
z	b	false
s	u	true
-	k	true
s	u	false
m	i	true
ș	t	false
o	m	true
o	m	false
i	a	true
k	e	false
m	i	false
ș	t	true
b	t	true
i	a	false
â	p	true
b	t	false
z	c	true
n	ș	true
u	z	true
n	ș	false
s	v	true
s	v	false
ș	u	false
-	l	true
o	n	true
u	z	false
o	n	false
i	b	true
g	â	false
b	u	true
i	b	false
b	u	false
z	d	true
z	d	false
o	o	true
-	m	true
ș	v	false
s	w	false
i	c	true
i	c	false
b	v	true
ș	v	true
d	z	true
â	r	true
d	z	false
n	ț	true
x	a	true
â	r	false
z	e	true
z	e	false
n	ț	false
o	p	true
x	a	false
-	n	true
f	ă	true
m	l	true
m	l	false
i	d	true
o	p	false
i	d	false
f	ă	false
k	h	false
â	s	true
â	s	false
v	â	false
-	o	true
m	m	true
o	q	true
i	e	true
q	u	false
k	i	false
g	a	true
m	m	false
g	a	false
i	e	false
â	t	true
â	t	false
l	ș	true
z	g	true
x	c	true
l	ș	false
z	g	false
s	z	true
m	n	true
-	p	true
o	r	true
î	ș	false
o	r	false
i	f	true
e	â	true
m	n	false
g	b	true
b	y	true
i	f	false
â	u	true
b	y	false
â	u	false
u	ă	true
u	ă	false
o	s	true
-	q	true
k	k	true
m	o	true
m	o	false
i	g	true
o	s	false
i	g	false
b	z	true
b	z	false
x	e	true
l	ț	true
â	v	false
z	i	true
z	i	false
l	ț	false
ț	ă	false
v	a	true
o	t	true
v	a	false
x	e	false
-	r	true
î	ț	false
k	l	true
m	p	true
m	p	false
g	d	true
o	t	false
i	h	true
d	ă	true
d	ă	false
i	h	false
k	l	false
z	j	true
x	f	true
t	â	false
-	s	true
o	u	true
i	i	true
o	u	false
e	a	true
k	m	false
g	e	true
g	e	false
i	i	false
e	a	false
v	c	true
i	î	true
m	r	true
-	t	true
o	v	true
v	c	false
i	j	true
o	v	false
e	b	true
m	r	false
g	f	true
c	â	false
i	j	false
e	b	false
x	h	true
z	l	true
z	l	false
o	w	true
-	u	true
s	ă	false
m	s	true
g	g	true
i	k	true
o	w	false
e	c	true
k	o	false
â	z	true
e	c	false
z	m	true
â	z	false
t	a	true
z	m	false
ș	ă	false
v	e	false
o	x	true
x	i	false
-	v	true
t	a	false
m	t	true
m	t	false
i	l	true
o	x	false
i	l	false
e	d	true
e	d	false
g	h	false
b	ă	false
z	n	true
x	î	true
x	î	false
t	b	true
z	n	false
-	w	true
t	b	false
m	u	true
r	â	false
i	m	true
o	y	false
e	e	true
m	u	false
c	a	true
g	i	false
i	m	false
c	a	false
e	e	false
z	o	true
v	g	true
z	o	false
t	c	true
t	c	false
m	v	true
-	x	true
o	z	true
v	g	false
i	n	true
o	z	false
e	f	true
k	r	false
c	b	true
y	ț	false
i	n	false
e	f	false
z	p	true
t	d	true
v	h	true
-	y	true
i	o	true
i	o	false
c	c	true
e	g	true
k	s	false
e	g	false
x	m	true
t	e	true
h	ț	true
v	i	false
h	ț	false
r	a	true
-	z	true
r	a	false
t	e	false
g	l	true
i	p	true
i	p	false
e	h	true
c	d	true
e	h	false
g	l	false
z	r	true
r	b	true
t	f	true
p	â	false
r	b	false
e	i	true
k	u	false
g	m	true
c	e	true
g	m	false
a	a	true
c	e	false
e	i	false
x	o	true
r	c	true
x	o	false
t	g	true
f	ș	true
t	g	false
m	z	true
i	r	true
e	î	true
r	c	false
e	j	true
g	n	true
m	z	false
g	n	false
c	f	true
i	r	false
a	b	true
e	j	false
ă	a	true
a	b	false
x	p	true
z	t	true
t	h	true
v	l	false
r	d	true
x	p	false
r	d	false
t	h	false
g	o	true
i	s	true
i	s	false
c	g	true
a	c	true
e	k	false
g	o	false
c	g	false
a	c	false
ă	b	false
ă	b	true
z	u	true
z	u	false
f	ț	true
t	i	true
v	m	true
r	e	true
r	e	false
t	i	false
g	p	true
i	t	true
p	a	false
i	t	false
u	ș	true
e	l	true
ă	c	true
c	h	true
e	l	false
a	d	true
c	h	false
ă	c	false
z	v	true
u	ș	false
a	d	false
v	n	true
-	ă	true
r	f	true
t	j	true
z	v	false
v	n	false
i	u	true
n	â	false
r	f	false
k	y	true
e	m	true
c	i	true
a	e	true
ă	d	true
i	u	false
c	i	false
e	m	false
ă	d	false
x	s	true
r	g	true
d	ș	true
v	o	false
p	c	true
i	v	true
p	c	false
r	g	false
d	ș	false
e	n	true
c	î	true
g	r	false
i	v	false
u	ț	true
a	f	true
u	ț	false
e	n	false
a	f	false
x	t	true
t	l	true
v	p	true
p	d	true
r	h	true
x	t	false
m	ă	false
r	h	false
t	l	false
g	s	true
i	w	true
e	o	true
a	g	true
ă	f	true
e	o	false
g	s	false
c	k	false
a	g	false
x	u	true
t	m	true
ă	f	false
p	e	true
x	u	false
r	i	true
r	i	false
t	m	false
n	a	true
n	a	false
p	e	false
i	x	true
i	x	false
e	p	true
c	l	true
e	p	false
a	h	true
s	ș	true
c	l	false
z	z	true
ă	g	true
a	h	false
r	j	true
ă	g	false
t	n	true
n	b	true
t	n	false
v	r	false
r	î	false
p	f	true
l	â	false
p	f	false
r	j	false
e	q	true
g	u	true
c	m	true
g	u	false
a	i	true
c	m	false
a	i	false
ă	h	true
r	k	true
ă	h	false
t	o	true
n	c	true
t	o	false
b	ș	true
p	g	true
i	z	true
ș	ș	false
e	r	true
a	î	true
n	c	false
g	v	true
g	v	false
c	n	true
s	ț	true
i	z	false
a	j	true
e	r	false
ă	i	false
c	n	false
a	j	false
ă	i	true
s	ț	false
t	p	true
p	h	true
v	t	false
r	l	true
r	l	false
n	d	true
n	d	false
p	h	false
c	o	true
e	s	true
a	k	true
e	s	false
c	o	false
ă	j	false
a	k	false
ă	j	true
v	u	false
b	ț	true
p	i	true
r	m	true
r	m	false
l	a	true
n	e	true
n	e	false
p	i	false
e	t	true
l	a	false
ă	k	true
c	p	true
e	t	false
a	l	true
a	l	false
r	n	true
t	r	true
t	r	false
n	f	true
p	î	false
l	b	true
r	n	false
e	u	true
l	b	false
j	â	false
n	f	false
c	q	true
a	m	true
ă	l	true
e	u	false
a	m	false
ă	l	false
z	ă	false
r	o	true
t	s	true
n	g	true
t	s	false
r	o	false
l	c	true
â	ș	false
e	v	true
l	c	false
â	ș	true
n	g	false
g	z	true
ă	m	true
c	r	true
a	n	true
e	v	false
c	r	false
a	n	false
t	t	true
ă	m	false
r	p	true
l	d	true
r	p	false
t	t	false
n	h	true
i	ă	true
p	l	false
c	s	true
l	d	false
a	o	true
ă	n	true
e	w	false
c	s	false
t	u	true
ă	n	false
p	m	true
â	ț	true
l	e	true
t	u	false
n	i	true
n	i	false
â	ț	false
j	a	false
-	﻿	true
l	e	false
e	x	true
c	t	true
e	x	false
a	p	true
c	t	false
o	ș	true
a	p	false
ă	o	true
o	ș	false
v	z	true
r	r	true
t	v	true
n	j	true
p	n	true
p	n	false
j	b	true
l	f	true
r	r	false
l	f	false
h	â	false
n	j	false
c	u	true
a	q	true
c	u	false
e	y	false
ă	p	true
x	ă	false
r	s	true
ă	p	false
n	k	true
p	o	true
p	o	false
l	g	true
r	s	false
e	z	true
l	g	false
n	k	false
c	v	true
a	r	true
o	ț	true
e	z	false
-	ș	true
c	v	false
a	r	false
y	a	true
o	ț	false
p	p	true
r	t	true
y	a	false
r	t	false
l	h	true
î	h	true
n	l	true
j	d	true
j	d	false
g	ă	false
a	s	true
ă	r	false
a	s	false
ă	r	true
r	u	true
r	u	false
î	i	true
n	m	true
j	e	false
l	i	false
ă	s	true
a	t	true
h	a	false
-	ț	true
ă	s	false
m	ș	true
a	t	false
r	v	true
t	z	true
n	n	true
t	z	false
p	r	false
r	v	false
l	j	true
h	b	true
a	u	true
ă	t	true
f	â	false
a	u	false
ă	t	false
r	w	true
v	ă	false
n	o	true
p	s	true
p	s	false
j	g	true
l	k	true
l	k	false
n	o	false
ă	u	true
c	z	true
j	g	false
a	v	true
a	v	false
y	e	true
m	ț	true
m	ț	false
ă	u	false
p	t	true
w	a	false
r	x	true
y	e	false
l	l	true
n	p	true
h	d	true
p	t	false
e	ă	true
l	l	false
ă	v	true
a	w	true
u	â	true
ă	v	false
p	u	true
u	â	false
r	y	true
l	m	true
r	y	false
n	q	true
p	u	false
î	m	false
j	i	false
l	m	false
f	a	true
f	a	false
a	x	true
h	e	false
a	x	false
r	z	true
ț	â	false
n	r	true
î	n	true
r	z	false
l	n	true
î	n	false
l	n	false
h	f	true
n	r	false
d	â	false
a	y	true
a	y	false
ă	x	true
t	ă	false
n	s	true
l	o	true
l	o	false
f	c	true
n	s	false
a	z	true
a	z	false
y	i	true
u	a	true
w	e	false
y	i	false
l	p	true
u	a	false
n	t	true
n	t	false
c	ă	true
j	l	true
l	p	false
f	d	true
c	ă	false
ă	z	false
ă	z	true
